{
    "test_loss": 2.9798176288604736,
    "test_accuracy": 0.006550218444317579,
    "precision": 1.0,
    "recall": 0.006550218340611353,
    "f1_score": 0.01301518438177874
}